{"cameraMode":{"drawMode":0,"name":"Shaded","section":"Shading Mode"},"sceneLighting":true,"audioPlay":false,"sceneViewState":{"showFog":true,"showMaterialUpdate":false,"showSkybox":true,"showFlares":true,"showImageEffects":true,"showParticleSystems":true,"showVisualEffectGraphs":true,"m_FxEnabled":true},"in2DMode":false,"pivot":{"x":0.42041176557540896,"y":-1.3153966665267945,"z":7.1548590660095219},"rotation":{"x":0.18202410638332368,"y":0.04893558844923973,"z":-0.009141308255493641,"w":0.9818704128265381},"size":12.996231079101563,"orthographic":false}