{"cameraMode":{"drawMode":0,"name":"Shaded","section":"Shading Mode"},"sceneLighting":false,"audioPlay":false,"sceneViewState":{"showFog":true,"showMaterialUpdate":false,"showSkybox":false,"showFlares":true,"showImageEffects":true,"showParticleSystems":true,"showVisualEffectGraphs":true,"m_FxEnabled":true},"in2DMode":false,"pivot":{"x":1.3769841194152833,"y":1.0673980712890626,"z":-2.0894603729248049},"rotation":{"x":0.22966305911540986,"y":0.2548464834690094,"z":-0.06244675815105438,"w":0.9372259974479675},"size":0.08660245686769486,"orthographic":false}